{"cameraMode":{"drawMode":0,"name":"Shaded","section":"Shading Mode"},"sceneLighting":false,"audioPlay":false,"sceneViewState":{"m_AlwaysRefresh":false,"showFog":true,"showSkybox":false,"showFlares":true,"showImageEffects":true,"showParticleSystems":true,"showVisualEffectGraphs":true,"m_FxEnabled":false},"in2DMode":false,"pivot":{"x":-0.026479333639144899,"y":0.9630247354507446,"z":0.747489869594574},"rotation":{"x":0.1171560138463974,"y":-0.7404009699821472,"z":0.13382165133953095,"w":0.6482129693031311},"size":0.8660253882408142,"orthographic":false}