{"cameraMode":{"drawMode":0,"name":"Shaded","section":"Shading Mode"},"sceneLighting":true,"audioPlay":false,"sceneViewState":{"m_AlwaysRefresh":false,"showFog":true,"showSkybox":false,"showFlares":true,"showImageEffects":true,"showParticleSystems":true,"showVisualEffectGraphs":true,"m_FxEnabled":true},"in2DMode":false,"pivot":{"x":0.022914886474609376,"y":2.661942958831787,"z":5.353339195251465},"rotation":{"x":0.11699017882347107,"y":0.7795172333717346,"z":-0.15299676358699799,"w":0.5960449576377869},"size":0.9207488894462586,"orthographic":false}